TIMESTAMP,U10,V10,U100,V100,POWER
20180201 01:00,9.60919,4.04354,12.6693,5.03529,0.876350972805856
20180201 02:00,9.57399,3.77546,12.8291,4.84658,0.9215145927721179
20180201 03:00,9.07057,3.79365,12.092,4.75025,0.8953795358218549
20180201 04:00,8.03763,4.81464,11.0656,6.149769999999999,0.8980160618238421
20180201 05:00,8.128739999999999,5.1329400000000005,11.1379,6.57495,0.8629743370070849
20180201 06:00,7.9042,5.416580000000001,10.8287,6.98418,0.846178169022311
20180201 07:00,8.07879,5.61866,11.099,7.2423,0.711014559154295
20180201 08:00,8.03815,5.049180000000001,10.9418,6.45821,0.8118319087632309
20180201 09:00,7.55461,5.38627,10.3762,6.8798699999999995,0.8796990563202121
20180201 10:00,7.53758,6.4999199999999995,10.3519,8.26113,0.906301229435222
20180201 11:00,7.362889999999999,7.52922,10.0353,9.634210000000001,0.911032123324852
20180201 12:00,6.9070800000000006,8.165339999999999,9.51585,10.5489,0.9271687716478059
20180201 13:00,6.54094,8.78784,9.020480000000001,11.454,0.935807410763538
20180201 14:00,6.47945,9.575510000000001,9.03917,12.6255,0.948222329994932
20180201 15:00,4.6962,9.866530000000001,7.02159,13.1904,0.954585274727951
20180201 16:00,3.98925,10.3592,6.2029,13.8968,0.9423459454108821
20180201 17:00,3.56166,9.04766,5.557580000000001,11.9403,0.8857644152738381
20180201 18:00,4.22968,6.42474,6.669980000000001,8.005410000000001,0.7708334219901569
20180201 19:00,5.13588,2.99233,7.33372,3.0138599999999998,0.6951074112178671
20180201 20:00,6.1455400000000004,-0.48005699999999996,8.044139999999999,-1.38032,0.7046171420969031
20180201 21:00,6.28822,-2.45835,7.994910000000001,-3.8253,0.663764925852804
20180201 22:00,5.81381,-4.83327,7.277769999999999,-6.616210000000001,0.754264506173104
20180201 23:00,4.73639,-5.98631,6.06237,-7.76162,0.728340814350258
20180202 00:00,3.10595,-6.555280000000001,3.9003400000000004,-8.22608,0.6753312190462301
20180202 01:00,3.3522199999999995,-6.261769999999999,4.215330000000001,-7.98459,0.619174572266053
20180202 02:00,2.54196,-6.52886,3.1471400000000003,-8.39772,0.545197848648473
20180202 03:00,1.0522799999999999,-6.0184,0.9527979999999999,-7.89605,0.588602402549505
20180202 04:00,-0.704288,-6.4029,-1.06655,-7.93725,0.42854189519853003
20180202 05:00,-2.45438,-6.86455,-3.09769,-8.5641,0.308094083987906
20180202 06:00,-3.6404199999999998,-8.58137,-4.774719999999999,-10.9009,0.284664216155563
20180202 07:00,-3.27612,-8.78509,-4.78383,-11.776,0.601625585488146
20180202 08:00,-3.75786,-10.1215,-5.2788900000000005,-13.1881,0.634374322001949
20180202 09:00,-4.30454,-10.0799,-6.18139,-13.2393,0.6698185526556429
20180202 10:00,-4.6544300000000005,-8.021519999999999,-6.67793,-10.564,0.6900857680846
20180202 11:00,-4.40224,-7.46983,-5.98995,-9.31687,0.5984111473517171
20180202 12:00,-3.68155,-7.56446,-4.94038,-9.26521,0.49746171441017406
20180202 13:00,-3.7843,-7.44729,-4.99504,-9.07301,0.491045133055785
20180202 14:00,-3.21529,-6.817360000000001,-4.22785,-8.25106,0.6620490532291129
20180202 15:00,-2.60642,-6.65785,-3.36426,-8.00971,0.5721098076446209
20180202 16:00,-2.73693,-6.590889999999999,-3.53796,-8.06188,0.40801782871884396
20180202 17:00,-3.0082,-6.0546,-3.83172,-7.5041899999999995,0.42347486632634496
20180202 18:00,-3.19216,-5.71499,-4.02265,-7.02032,0.38442655248864205
20180202 19:00,-3.0731,-5.87962,-3.8733400000000002,-7.24471,0.40937873477149
20180202 20:00,-4.38091,-4.69685,-5.49942,-5.97529,0.433594496363303
20180202 21:00,-3.34364,-4.57121,-4.2783,-5.7289,0.151904319093779
20180202 22:00,-3.4971699999999997,-4.72096,-4.34323,-6.02588,0.137349029174608
20180202 23:00,-3.4714099999999997,-4.52894,-4.29831,-5.78784,0.19969599229336102
20180203 00:00,-3.0558400000000003,-4.17167,-3.75085,-5.34091,0.14288725074039302
20180203 01:00,-3.1520099999999998,-3.54863,-3.6373699999999998,-4.36382,0.14088789955062
20180203 02:00,-3.3549800000000003,-2.91321,-3.9087,-3.6465199999999998,0.09559658878473401
20180203 03:00,-2.99337,-3.16513,-3.4123900000000003,-3.97175,0.146641294373835
20180203 04:00,-2.97649,-4.0081,-3.4649900000000002,-4.9935,0.10733852950208199
20180203 05:00,-3.3965699999999996,-4.05501,-4.02606,-5.1517,0.18527518373589702
20180203 06:00,-3.49051,-3.7778300000000002,-4.13561,-4.703530000000001,0.16121357437464903
20180203 07:00,-3.4540300000000004,-3.25818,-4.18412,-4.29927,0.0572653549380018
20180203 08:00,-3.0939099999999997,-3.20487,-3.8391300000000004,-4.41309,0.0326245172639083
20180203 09:00,-3.2948800000000005,-3.85784,-4.0277,-4.99669,0.00654635034968523
20180203 10:00,-3.2955699999999997,-4.135280000000001,-3.8658300000000003,-4.97352,0.0633485764242755
20180203 11:00,-3.69063,-4.52325,-4.33336,-5.30633,0.0671548864674035
20180203 12:00,-3.27677,-4.60271,-3.80999,-5.45606,0.0419014823913127
20180203 13:00,-2.96278,-5.21499,-3.40646,-6.16734,0.0334032649347651
20180203 14:00,-3.15652,-5.18096,-3.62972,-6.10046,0.132933883678798
20180203 15:00,-3.39014,-4.5909699999999996,-3.9224300000000003,-5.4624,0.11863642014718401
20180203 16:00,-3.11922,-4.460319999999999,-3.6529199999999995,-5.46406,0.16227178599171202
20180203 17:00,-3.09004,-5.18732,-3.6469699999999996,-6.54727,0.16864679476124897
20180203 18:00,-3.2713200000000002,-5.75167,-3.9211300000000002,-7.224019999999999,0.14655815165998903
20180203 19:00,-3.50832,-6.06046,-4.246569999999999,-7.631289999999999,0.29578464191382503
20180203 20:00,-3.6753699999999996,-6.5564,-4.4734,-8.32296,0.38857702791115395
20180203 21:00,-3.1947900000000002,-7.2897300000000005,-3.9397900000000003,-9.13527,0.49721427544419
20180203 22:00,-3.8154,-7.62082,-4.91455,-9.6517,0.479189909322299
20180203 23:00,-4.13385,-7.878439999999999,-5.49961,-10.2916,0.635296172782552
20180204 00:00,-3.58681,-8.7266,-4.823180000000001,-11.2519,0.592847174618546
20180204 01:00,-3.44754,-8.79032,-4.8087599999999995,-11.3698,0.62898876914581
20180204 02:00,-4.63863,-8.93857,-6.24894,-11.4761,0.550510907438685
20180204 03:00,-4.81334,-8.415519999999999,-6.540690000000001,-10.8466,0.503054919110138
20180204 04:00,-5.54772,-8.063130000000001,-7.4079999999999995,-10.3195,0.538398768324548
20180204 05:00,-5.00491,-7.856510000000001,-6.754910000000001,-10.031,0.475533285190092
20180204 06:00,-4.72844,-8.10795,-6.36578,-10.3504,0.62780303520185
20180204 07:00,-4.84965,-7.870660000000001,-6.483619999999999,-10.0367,0.528361858277451
20180204 08:00,-5.17931,-7.36517,-6.93279,-9.41083,0.390395144663496
20180204 09:00,-5.1287,-7.34793,-6.66087,-9.16774,0.3932405450515661
20180204 10:00,-5.62333,-6.890639999999999,-7.108169999999999,-8.379010000000001,0.46809371979832104
20180204 11:00,-5.6500900000000005,-6.52067,-7.048939999999999,-7.88351,0.42296038252229495
20180204 12:00,-5.50507,-6.24249,-6.81007,-7.52385,0.385612766957123
20180204 13:00,-5.3975800000000005,-6.08677,-6.69457,-7.319789999999999,0.333626159545172
20180204 14:00,-5.1732,-6.07329,-6.47356,-7.298710000000001,0.42656277210694893
20180204 15:00,-4.53894,-5.90878,-5.7829999999999995,-7.24246,0.274033215304526
20180204 16:00,-4.53028,-5.75617,-5.80675,-7.15257,0.19034937973177699
20180204 17:00,-4.70265,-6.36637,-5.97321,-8.0394,0.173318885619353
20180204 18:00,-4.63087,-6.25369,-6.002619999999999,-7.8898600000000005,0.20967918234214203
20180204 19:00,-5.22371,-5.68334,-6.743510000000001,-7.27528,0.0934968177705493
20180204 20:00,-5.30604,-5.18918,-6.965889999999999,-6.60911,0.18530414716233898
20180204 21:00,-5.0173,-4.913130000000001,-6.67086,-6.29204,0.327831417994782
20180204 22:00,-4.83586,-4.8958900000000005,-6.39762,-6.24644,0.359014233718006
20180204 23:00,-5.34089,-4.21352,-7.04846,-5.34334,0.14733532417400302
20180205 00:00,-5.51981,-3.16454,-7.31752,-3.9337400000000002,0.24752915569066503
20180205 01:00,-4.29884,-3.5869800000000005,-5.71208,-4.50968,0.135555870036316
20180205 02:00,-4.4226,-3.07166,-5.78993,-3.9234400000000003,0.152273029468361
20180205 03:00,-4.54053,-3.11895,-5.92186,-3.95338,0.0836767782105877
20180205 04:00,-4.50833,-3.02448,-5.8695699999999995,-3.7776199999999998,0.0757182148549365
20180205 05:00,-4.36665,-2.27651,-5.706119999999999,-2.8027599999999997,0.0796180760838742
20180205 06:00,-4.22507,-1.50571,-5.5031099999999995,-1.8692400000000002,0.0873834187638941
20180205 07:00,-4.12793,-1.25375,-5.33969,-1.57772,0.138987716188806
20180205 08:00,-4.30388,-1.3251,-5.513240000000001,-1.6442700000000001,0.0847059935908672
20180205 09:00,-4.31525,-1.25777,-5.23123,-1.42804,0.0824576246464246
20180205 10:00,-3.9095800000000005,-0.652528,-4.54524,-0.634346,0.11957495828067999
20180205 11:00,-3.48903,-0.135301,-3.99294,-0.04912469999999999,0.14402189512154
20180205 12:00,-3.01633,-0.171182,-3.4963,-0.172991,0.0538951196496082
20180205 13:00,-2.3818599999999996,-0.09464539999999999,-2.75668,-0.07819279999999999,0.0459245762882247
20180205 14:00,-2.11243,-0.697994,-2.4445,-0.7105020000000001,0.0332094972181061
20180205 15:00,-2.07008,-0.943357,-2.4724,-1.00545,0.0219718301537907
20180205 16:00,-2.37228,-0.8543229999999999,-3.02362,-1.0029299999999999,0.0276751178299007
20180205 17:00,-2.71988,-0.569364,-3.42749,-0.513153,0.0706719874735193
20180205 18:00,-2.7730900000000003,0.0940523,-3.4265199999999996,0.442616,0.10969170966375001
20180205 19:00,-2.74884,0.9213049999999999,-3.35914,1.4159700000000002,0.0790389326734274
20180205 20:00,-3.0704599999999997,1.39964,-3.71918,1.97721,0.0639233903557326
20180205 21:00,-3.06343,1.3060200000000002,-3.5489699999999997,1.73902,0.0427307713024887
20180205 22:00,-2.73025,0.901022,-3.08405,1.27696,0.0391055376279772
20180205 23:00,-2.46838,0.71039,-2.8265599999999997,1.06123,0.0197428659106518
20180206 00:00,-2.53364,0.651346,-2.83906,1.00766,0.0211615144286376
20180206 01:00,-3.07078,1.9401700000000002,-3.6416800000000005,2.49535,0.0410426337816802
20180206 02:00,-3.33129,1.8425900000000002,-3.8981199999999996,2.43093,0.0664294344379944
20180206 03:00,-3.06826,2.00034,-3.5365900000000003,2.57597,0.0744232613439526
20180206 04:00,-3.10961,1.80655,-3.6716800000000003,2.43094,0.109642067871889
20180206 05:00,-3.54152,1.54845,-4.11757,2.18032,0.0833654953966298
20180206 06:00,-3.5784300000000004,1.3505200000000002,-4.1908199999999995,1.97848,0.116292924635243
20180206 07:00,-3.68462,1.7477,-4.39925,2.41878,0.121640308675344
20180206 08:00,-3.29037,2.3807400000000003,-3.86173,3.13408,0.171639208942368
20180206 09:00,-3.24445,2.69398,-3.62779,3.20369,0.12377884384348199
20180206 10:00,-2.86709,2.9969900000000003,-3.15873,3.4758699999999996,0.0735187295420945
20180206 11:00,-2.52772,3.8325400000000003,-2.79452,4.39872,0.0381899650324867
20180206 12:00,-2.2440900000000004,4.11416,-2.4679599999999997,4.73745,0.0108783240094626
20180206 13:00,-1.94671,4.74167,-2.24602,5.48615,0.0136948109927953
20180206 14:00,-2.36039,4.73233,-2.6523,5.5309800000000005,0.0793420125687627
20180206 15:00,-3.14368,4.87004,-3.54452,5.76926,0.0269008552975109
20180206 16:00,-3.94349,4.51021,-4.595619999999999,5.59968,0.0221564058455545
20180206 17:00,-4.15405,2.60508,-4.8946,3.66307,0.0203697370441724
20180206 18:00,-3.5133900000000002,0.593232,-4.2843,1.47506,0.0220892736060266
20180206 19:00,-3.4306400000000004,0.0864925,-4.02072,0.891236,0.0382431058754961
20180206 20:00,-3.25592,0.38205900000000004,-3.0491200000000003,1.11598,0.0467648302543947
20180206 21:00,-1.92363,1.1165100000000001,-0.9223600000000001,1.5078799999999999,0.11940668370870999
20180206 22:00,-0.49504899999999996,2.6089900000000004,0.304235,3.0685700000000002,0.217001965885401
20180206 23:00,1.2457,3.65185,1.87011,4.5484,0.245669164954029
20180207 00:00,3.50474,4.44874,4.57388,5.4782,0.32555509951832695
20180207 01:00,2.1267099999999997,2.6678900000000003,2.72193,3.06893,0.43350188430258707
20180207 02:00,2.56584,2.54487,3.3048800000000003,3.03145,0.45452124362071095
20180207 03:00,3.20135,2.75983,4.07606,3.2847,0.43664547888445704
20180207 04:00,3.6092199999999997,2.17597,4.62087,2.5976,0.42075586354682104
20180207 05:00,3.1617599999999997,3.0487599999999997,4.12254,3.70609,0.446780661114788
20180207 06:00,3.13272,4.0984300000000005,4.021319999999999,5.11094,0.39664166868489603
20180207 07:00,3.2554,4.228619999999999,4.14543,5.26225,0.31621446061328495
20180207 08:00,3.23189,4.59701,4.16756,5.75622,0.313323748761852
20180207 09:00,3.55128,4.46507,4.35211,5.32696,0.261553184902986
20180207 10:00,3.75921,4.44952,4.50347,5.20881,0.47104255685990704
20180207 11:00,4.4606,3.6206,5.2470300000000005,4.202380000000001,0.568493154897306
20180207 12:00,4.86566,3.06569,5.8186800000000005,3.5806400000000003,0.413461695616799
20180207 13:00,5.6919699999999995,2.98684,6.766830000000001,3.52578,0.34975988360008897
20180207 14:00,5.4057900000000005,2.52889,6.44177,3.01511,0.42586837732938
20180207 15:00,4.70025,2.41617,5.86613,2.87557,0.48305874367295004
20180207 16:00,4.5307699999999995,2.08449,6.15446,2.51468,0.453599654438454
20180207 17:00,4.96515,2.49254,6.55156,3.0350900000000003,0.506682447410571
20180207 18:00,4.34238,2.94943,6.05607,3.5340300000000004,0.563535262223545
20180207 19:00,4.324990000000001,3.27172,6.3162,4.15709,0.543898846077705
20180207 20:00,5.19313,2.75209,7.4539100000000005,3.50483,0.6174398435362211
20180207 21:00,5.72403,2.63639,7.810169999999999,3.38679,0.524890949393959
20180207 22:00,4.7344,2.8571,6.81255,3.63825,0.475845807992049
20180207 23:00,5.3221099999999995,2.46263,7.1789,3.24735,0.516874262528113
20180208 00:00,5.62881,2.77363,7.26329,3.5381699999999996,0.648762795567744
20180208 01:00,4.9600599999999995,5.79638,6.711130000000001,7.414210000000001,0.696012724776337
20180208 02:00,4.93181,6.3735599999999994,6.74682,8.28336,0.7347718498590592
20180208 03:00,4.7434,6.53085,6.38933,8.444989999999999,0.756181559617195
20180208 04:00,4.61629,6.837089999999999,6.18273,8.777460000000001,0.521823396486876
20180208 05:00,4.3017199999999995,7.23588,5.70215,9.25822,0.8176777834112758
20180208 06:00,4.09521,7.11056,5.41975,9.08474,0.8127164135410551
20180208 07:00,4.32204,6.81699,5.70555,8.62418,0.8154503926208609
20180208 08:00,4.62531,6.828469999999999,5.99175,8.50501,0.7782241012130071
20180208 09:00,4.38965,6.880839999999999,5.636819999999999,8.46685,0.8092188268693221
20180208 10:00,3.37065,7.37931,4.46786,9.00484,0.799495996073839
20180208 11:00,2.8866,8.03582,3.89015,9.93923,0.778364481222458
20180208 12:00,2.43927,8.361839999999999,3.35734,10.4523,0.7999372203660999
20180208 13:00,1.6821700000000002,8.655489999999999,2.44605,10.8471,0.767246952946334
20180208 14:00,1.45933,8.88425,2.11847,11.0968,0.802456044902505
20180208 15:00,1.7315599999999998,8.91804,2.36548,11.2884,0.7576378388130429
20180208 16:00,1.63068,8.57017,2.3338099999999997,10.8525,0.7457963846891229
20180208 17:00,1.5210299999999999,8.90133,2.1603,11.3228,0.711798095548637
20180208 18:00,2.2084799999999998,8.9241,3.02008,11.3437,0.7249112488982341
20180208 19:00,2.29921,8.81413,3.1068700000000002,11.2773,0.8141421586044251
20180208 20:00,2.4398,8.51967,3.3703,10.9404,0.8399947060094279
20180208 21:00,0.9715969999999999,8.79086,1.5940299999999998,11.4475,0.8383507930908801
20180208 22:00,-0.11438699999999999,8.87707,0.177726,11.7533,0.6820302807401989
20180208 23:00,-0.8578040000000001,9.44341,-0.780496,12.5676,0.8752224208030258
20180209 00:00,-0.569706,9.30706,-0.44393999999999995,12.6004,0.9083718437175781
20180209 01:00,-2.1146599999999998,9.53836,-2.44855,12.8292,0.91814853187492
20180209 02:00,-2.39312,9.803180000000001,-2.8389900000000003,13.1054,0.9182201606722149
20180209 03:00,-2.7868,9.586689999999999,-3.29134,12.8809,0.916281613838797
20180209 04:00,-3.2036700000000002,9.88128,-3.8359400000000003,13.2672,0.9254013196946591
20180209 05:00,-3.67047,9.569180000000001,-4.461869999999999,13.0239,0.9137305405310179
20180209 06:00,-3.10712,9.64638,-3.8229300000000004,12.9331,0.916596751116336
20180209 07:00,-3.2850699999999997,8.97461,-3.9307199999999995,11.9851,0.901024291518458
20180209 08:00,-3.63175,8.78711,-4.38866,11.7029,0.916956904454959
20180209 09:00,-3.99364,8.74483,-4.85609,11.3709,0.92173386440054
20180209 10:00,-3.35592,9.121939999999999,-4.0163199999999994,11.696,0.8770245582886441
20180209 11:00,-2.36366,9.31778,-2.72877,11.7577,0.900972722053589
20180209 12:00,-2.08763,9.09357,-2.33576,11.4688,0.9020070118178771
20180209 13:00,-2.8732900000000003,8.728589999999999,-3.30721,10.9372,0.9031789223011909
20180209 14:00,-3.90845,8.27254,-4.70699,10.5228,0.897175351747485
20180209 15:00,-3.9122800000000004,8.17727,-4.82017,10.6115,0.8740867720882879
20180209 16:00,-3.99306,7.987760000000001,-5.07649,10.5633,0.8717330345003539
20180209 17:00,-4.16175,7.660239999999999,-5.35656,10.2567,0.853626598018698
20180209 18:00,-3.89699,7.59477,-5.03596,10.1219,0.87209313310193
20180209 19:00,-4.041519999999999,7.5174,-5.17705,10.0659,0.8342703702243531
20180209 20:00,-3.72595,7.54259,-4.68229,10.1329,0.7856466277217321
20180209 21:00,-2.99492,7.3424,-3.7316800000000003,9.778839999999999,0.836379714199422
20180209 22:00,-2.9821,6.59995,-3.62647,8.94022,0.7768207956246601
20180209 23:00,-3.2090099999999997,5.74659,-3.8105800000000003,7.986789999999999,0.750282963487907
20180210 00:00,-3.25223,5.32151,-3.78935,7.51483,0.7313406172265581
20180210 01:00,-2.78882,6.616680000000001,-3.32056,8.64971,0.730799477642978
20180210 02:00,-3.1959400000000002,6.5113199999999996,-3.7785300000000004,8.54882,0.762805656157583
20180210 03:00,-3.19537,6.51711,-3.73536,8.6351,0.739480452111523
20180210 04:00,-2.92096,6.7165300000000006,-3.34021,8.84605,0.756353899842506
20180210 05:00,-3.0127599999999997,7.17019,-3.4780699999999998,9.37987,0.76564782495772
20180210 06:00,-2.1896,7.898339999999999,-2.56465,10.0336,0.719701716619462
20180210 07:00,-0.48319300000000004,8.14875,-0.444993,10.2493,0.761814666372456
20180210 08:00,-0.103103,7.9642800000000005,0.089119,10.0896,0.7675018574505199
20180210 09:00,0.658257,8.18266,0.9814200000000001,10.3338,0.780523815751543
20180210 10:00,0.83245,8.052760000000001,1.36131,10.4784,0.6742418743027251
20180210 11:00,1.22638,7.95258,2.13614,10.630999999999998,0.598525051169411
20180210 12:00,1.8872099999999998,7.71025,3.16157,10.4206,0.40068560181398494
20180210 13:00,2.5199599999999998,7.83823,3.87624,10.5412,0.4401722974084029
20180210 14:00,1.76435,7.33705,2.93378,10.1451,0.665003050480668
20180210 15:00,0.624721,7.63968,1.12595,9.89391,0.609190145262606
20180210 16:00,0.168603,8.00888,0.49069700000000005,10.3814,0.6380277632732161
20180210 17:00,0.585695,8.05943,1.07566,10.497,0.6638626400100589
20180210 18:00,-0.381544,8.33815,-0.23276,10.8183,0.7461380843763491
20180210 19:00,-0.655325,8.943760000000001,-0.594978,11.6877,0.808408997674823
20180210 20:00,-0.706453,9.04624,-0.283913,12.607999999999999,0.867985613275477
20180210 21:00,-1.0655700000000001,9.16553,-0.8666969999999999,12.7317,0.855512258828023
20180210 22:00,-1.50843,9.43868,-1.26688,13.7099,0.884590787400307
20180210 23:00,-0.9961049999999999,10.6424,-0.700206,14.8964,0.9284473248446031
20180211 00:00,-1.56541,10.6689,-1.6884400000000002,15.1378,0.9360340522900941
20180211 01:00,-3.70724,11.6077,-4.70153,15.7041,0.959248551976663
20180211 02:00,-4.5543,10.5718,-5.88908,14.8155,0.9621575022589821
20180211 03:00,-5.219869999999999,10.6467,-6.7210600000000005,15.1132,0.9625525731905891
20180211 04:00,-5.98956,10.6303,-7.82105,15.2515,0.967516588240187
20180211 05:00,-6.45862,11.062999999999999,-8.485619999999999,15.8519,0.978256437563085
20180211 06:00,-6.9298399999999996,11.2238,-9.14504,15.9962,0.985182238646197
20180211 07:00,-7.26157,11.4647,-9.60413,16.3736,0.988481541667896
20180211 08:00,-7.14575,11.8461,-9.44978,17.1042,0.977538049806582
20180211 09:00,-6.33999,12.3058,-8.24293,17.7994,0.9893308003913058
20180211 10:00,-5.175269999999999,13.8599,-6.47722,18.4635,0.984224821191918
20180211 11:00,-2.26748,13.4741,-1.85064,19.2875,0.97455404356766
20180211 12:00,3.84999,14.8921,6.06557,20.1167,0.9672605852588241
20180211 13:00,7.27204,14.3261,10.7554,19.0759,0.9937384397076491
20180211 14:00,9.305480000000001,11.7704,13.3602,15.9019,0.997169169690753
20180211 15:00,11.52,11.1429,16.4727,14.7367,0.998473538260019
20180211 16:00,14.9089,9.13311,20.9474,11.6651,0.9982485460968751
20180211 17:00,14.7542,7.90207,20.6963,10.1813,0.9974132147207192
20180211 18:00,14.9786,6.578939999999999,20.9703,8.23387,0.996916186506196
20180211 19:00,15.1877,5.8728,20.9118,7.441889999999999,0.9984066175395179
20180211 20:00,15.1343,5.20294,20.6058,6.36562,0.9980230961490301
20180211 21:00,15.347999999999999,6.28141,20.8512,7.84163,0.996995485669532
20180211 22:00,17.0599,7.2477,23.1945,8.98448,0.996636866254984
20180211 23:00,15.5619,4.00431,21.4289,4.82619,0.996153910517986
20180212 00:00,16.168,0.136463,21.4901,-0.214777,0.9956821637462059
20180212 01:00,15.9735,-0.173788,21.1328,-0.561959,0.991419041358797
20180212 02:00,15.7388,-0.995337,20.8573,-1.6409900000000002,0.9885179653124309
20180212 03:00,13.6047,-1.85792,17.9624,-2.81583,0.9869517660501329
20180212 04:00,11.6425,-1.40442,15.2085,-2.116,0.9598017234357672
20180212 05:00,11.2322,-1.9630400000000001,14.460999999999999,-2.88174,0.9424864869605399
20180212 06:00,12.0665,-3.6383400000000004,15.5156,-5.05431,0.9577565310799592
20180212 07:00,13.0244,-5.8111,16.7444,-7.804069999999999,0.9710336802573851
20180212 08:00,12.7263,-5.0736099999999995,16.5541,-6.74868,0.958472397707662
20180212 09:00,11.7407,-3.35114,15.1816,-4.61436,0.9478447711867
20180212 10:00,11.3451,-3.8730800000000003,14.7583,-5.41111,0.9550271145441669
20180212 11:00,10.9907,-2.94373,14.2685,-4.30816,0.9023194693632571
20180212 12:00,11.2769,-2.97864,14.5084,-4.23631,0.9319655537875161
20180212 13:00,9.81798,-3.9430300000000003,12.6426,-5.38731,0.8779606970583671
20180212 14:00,9.21263,-3.74672,11.8329,-5.04905,0.815596680775395
20180212 15:00,8.938939999999999,-3.11948,11.7237,-4.41014,0.867200496543745
20180212 16:00,8.63084,-2.49555,11.3072,-3.48801,0.8609285965653871
20180212 17:00,8.1054,-1.79941,10.665999999999999,-2.5741400000000003,0.65744286480403
20180212 18:00,7.016489999999999,-0.9568629999999999,9.35602,-1.37646,0.704683901556096
20180212 19:00,6.21285,0.49029700000000004,8.61315,0.404989,0.770627447384875
20180212 20:00,7.8246899999999995,0.45879,10.8009,0.344592,0.606118686955956
20180212 21:00,6.89955,1.51842,9.417,1.62081,0.6447494205226639
20180212 22:00,7.74114,2.1448099999999997,10.4116,2.54347,0.520250943322637
20180212 23:00,6.98068,2.6076799999999998,9.2243,3.12681,0.5666915793855141
20180213 00:00,5.89594,2.04644,8.00729,2.42749,0.315859623893464
20180213 01:00,6.21465,2.51135,8.46011,3.15299,0.721255838586414
20180213 02:00,5.034269999999999,2.5913,6.833989999999999,3.30951,0.6929059833813149
20180213 03:00,5.34665,2.88984,7.370589999999999,3.64925,0.728742656849114
20180213 04:00,5.19798,3.4630900000000002,6.90716,4.2751,0.37411383351062605
20180213 05:00,4.32099,4.05461,6.35513,5.4175,0.509484010576594
20180213 06:00,3.90613,4.55959,5.6407099999999994,6.21278,0.41786515418930703
20180213 07:00,2.13671,5.68277,3.5587699999999995,7.8555,0.398949578286595
20180213 08:00,2.33121,6.32465,3.8339800000000004,8.63059,0.551549584852232
20180213 09:00,3.35066,6.49631,4.92793,8.563989999999999,0.6257359259751469
20180213 10:00,2.65158,6.865010000000001,3.917,9.01551,0.619103960893772
20180213 11:00,2.25564,7.493710000000001,3.2668,9.72363,0.644106212158814
20180213 12:00,2.2127,8.00511,2.9941299999999997,10.2441,0.664420717094074
20180213 13:00,1.14445,7.51935,1.63678,9.4309,0.6726924028771409
20180213 14:00,0.352645,7.24166,0.664057,8.97472,0.5945551490364859
20180213 15:00,0.11510699999999999,7.31475,0.42388400000000004,9.1729,0.5268072919953309
20180213 16:00,-0.686758,6.8025899999999995,-0.33331700000000003,9.41271,0.6176254823030639
20180213 17:00,-1.54541,6.39462,-1.22393,9.69786,0.679640056748631
20180213 18:00,-1.51893,6.6779,-1.44374,9.99897,0.6924972483696021
20180213 19:00,-1.0405,6.8743,-0.816473,9.988560000000001,0.68142752415972
20180213 20:00,-0.485134,6.95045,0.034938800000000006,10.1094,0.6773682842294781
20180213 21:00,0.1079,7.210430000000001,0.735096,10.1919,0.702774708909778
20180213 22:00,0.0289726,6.98797,0.683469,9.870289999999999,0.669793020318886
20180213 23:00,-0.24508899999999997,6.80138,0.35688200000000003,9.686760000000001,0.5602991381681479
20180214 00:00,0.270044,6.8312800000000005,1.04377,9.69346,0.589312288286946
20180214 01:00,-1.62047,6.8699,-1.55775,10.2302,0.683765469602731
20180214 02:00,-2.01862,6.6165199999999995,-1.97315,10.0876,0.6330917841235529
20180214 03:00,-2.85468,6.70425,-3.2443299999999997,10.0659,0.578773941201439
20180214 04:00,-2.58035,6.670939999999999,-3.13996,9.731589999999999,0.5882576495079119
20180214 05:00,-2.50189,6.8236,-2.95166,9.541039999999999,0.6294043110080401
20180214 06:00,-2.52074,7.3152800000000004,-2.93553,10.1257,0.697262064368968
20180214 07:00,-2.34091,7.4124,-2.7587200000000003,10.1821,0.719780011568619
20180214 08:00,-2.46957,7.500319999999999,-2.8955599999999997,10.048,0.7830231044327142
20180214 09:00,-3.2492,7.96715,-3.84882,10.2469,0.818877516162588
20180214 10:00,-3.6461699999999997,8.19108,-4.39243,10.4876,0.831589402519643
20180214 11:00,-3.5722699999999996,8.44276,-4.33968,10.790999999999999,0.8543353123915172
20180214 12:00,-3.83662,8.70926,-4.66412,11.1776,0.925381077380575
20180214 13:00,-4.27471,8.88301,-5.26757,11.6145,0.9548208898818911
20180214 14:00,-4.47759,9.22653,-5.67668,12.3222,0.9528021457981222
20180214 15:00,-4.361280000000001,9.32599,-5.6433800000000005,12.8978,0.9423140300969591
20180214 16:00,-4.83512,8.77854,-6.60761,12.9728,0.928585647980504
20180214 17:00,-4.93562,8.59074,-6.8738600000000005,13.1307,0.91515301458524
20180214 18:00,-5.036230000000001,8.956,-6.9396,13.8147,0.9316408248126121
20180214 19:00,-5.492030000000001,9.35184,-7.48141,14.3541,0.928651871204077
20180214 20:00,-5.41755,9.83475,-7.3651100000000005,14.652000000000001,0.9515344562542429
20180214 21:00,-5.4015699999999995,10.1914,-7.2301,14.9029,0.966258641984202
20180214 22:00,-5.452459999999999,10.6254,-7.22082,15.3826,0.9803618183963491
20180214 23:00,-5.62924,10.8945,-7.4206199999999995,15.7042,0.976133654209873
20180215 00:00,-5.97581,11.1064,-7.808,16.0463,0.9789244766629499
20180215 01:00,-6.3284199999999995,11.2817,-8.32066,15.9686,0.9877956455817459
20180215 02:00,-6.88616,11.247,-9.11656,16.0204,0.987392166518402
20180215 03:00,-6.87409,11.1428,-9.166,15.8755,0.9810928520389379
20180215 04:00,-6.44505,11.2627,-8.60891,15.9984,0.987555614851643
20180215 05:00,-5.99136,11.704,-7.95355,16.4416,0.981956447876848
20180215 06:00,-6.17842,11.972000000000001,-8.09785,16.7881,0.9833493140294158
20180215 07:00,-6.35836,11.8816,-8.39484,16.6015,0.985541218130991
20180215 08:00,-6.14845,11.594000000000001,-8.054960000000001,16.1075,0.98384768366404
20180215 09:00,-6.0077300000000005,11.8901,-7.7870800000000004,16.4043,0.98478830191841
20180215 10:00,-5.17101,12.7469,-6.73619,17.1069,0.990437661150899
20180215 11:00,-4.34124,12.9626,-5.55869,17.1201,0.9851445988384829
20180215 12:00,-3.9426099999999997,12.4025,-4.9972,16.5433,0.97435945097352
20180215 13:00,-2.71447,12.0231,-3.21864,15.9984,0.970479051890479
20180215 14:00,-2.2966900000000003,11.4371,-2.8359099999999997,14.997,0.9511321088832241
20180215 15:00,-0.424267,10.5225,-0.322398,14.36,0.9155721637108891
20180215 16:00,0.450892,9.94922,0.9403219999999999,13.5699,0.9036523451008409
20180215 17:00,4.57442,5.4816400000000005,7.63975,6.40664,0.8527959315182979
20180215 18:00,7.977010000000001,1.12925,11.2823,1.0556299999999998,0.658975951715839
20180215 19:00,8.231630000000001,1.5743200000000002,11.5454,1.7845799999999998,0.547376069873045
20180215 20:00,7.31612,2.74465,10.3575,3.35996,0.679287131787495
20180215 21:00,7.5114399999999995,3.02075,10.6305,3.71694,0.700490315729281
20180215 22:00,7.34167,2.27385,10.439,2.6318099999999998,0.505493313671001
20180215 23:00,7.54462,2.04575,10.7379,2.28725,0.6904366226255689
20180216 00:00,7.66781,1.59904,10.8503,1.6837099999999998,0.199288042571207
20180216 01:00,6.34808,1.70302,9.153939999999999,1.82318,0.42842202168930704
20180216 02:00,6.8085,2.00331,9.75826,2.21457,0.622535881959718
20180216 03:00,6.80238,2.06069,9.75865,2.30413,0.6731358556975551
20180216 04:00,6.924589999999999,2.03127,9.94575,2.31589,0.714914392744897
20180216 05:00,7.44232,1.8317900000000003,10.550999999999998,2.0419400000000003,0.7151481181297741
20180216 06:00,7.5913,1.60094,10.7007,1.68238,0.700303461531043
20180216 07:00,7.36821,2.10493,10.4291,2.37952,0.672539905156714
20180216 08:00,8.6482,1.34606,11.8568,1.4238,0.838227473991123
20180216 09:00,8.99995,0.93224,12.2907,0.8371860000000001,0.843484659650437
20180216 10:00,8.85985,0.0732335,11.9354,-0.33981500000000003,0.748106252213896
20180216 11:00,9.30492,-0.769258,12.475999999999999,-1.50475,0.6092467103609941
20180216 12:00,8.27422,-1.58067,11.1022,-2.55002,0.715696883895108
20180216 13:00,8.22068,-1.5229,11.038,-2.44178,0.660148528439326
20180216 14:00,8.85089,-2.23825,12.0125,-3.3736900000000003,0.619008874759219
20180216 15:00,7.69918,-2.3820900000000003,10.4973,-3.64435,0.518114351313444
20180216 16:00,6.8947899999999995,-1.8826599999999998,9.62628,-3.0859900000000002,0.395150780930084
20180216 17:00,6.80098,-1.50135,9.52175,-2.59092,0.367899228171627
20180216 18:00,6.29854,-1.39081,8.85597,-2.4941400000000002,0.35951129417205496
20180216 19:00,6.08411,-1.2092399999999999,8.582180000000001,-2.2819599999999998,0.145800081333846
20180216 20:00,5.80679,-1.0140799999999999,8.27117,-1.9902400000000002,0.38373845490151004
20180216 21:00,5.52286,-0.8567819999999999,7.96638,-1.7884400000000003,0.36432169267972797
20180216 22:00,5.33833,-0.4689,7.70637,-1.26871,0.252184234635937
20180216 23:00,5.150469999999999,0.354052,7.559819999999999,-0.0875909,0.209937099756286
20180217 00:00,5.1706900000000005,0.400569,7.6111699999999995,0.017738,0.27482058340651394
20180217 01:00,4.00467,0.185058,6.16311,-0.452797,0.0
20180217 02:00,3.51323,0.0519443,5.41679,-0.7353270000000001,0.0243644503480221
20180217 03:00,3.20819,0.420498,4.81867,-0.516254,0.0132293781200402
20180217 04:00,2.81561,0.28125500000000003,4.09997,-0.8440700000000001,0.0548139978480525
20180217 05:00,2.23881,0.550687,3.13931,-0.546555,0.0421460746654992
20180217 06:00,1.60395,1.3301100000000001,2.3500099999999997,0.396537,0.0355947851728426
20180217 07:00,1.37121,1.5461799999999999,2.26537,0.982981,0.0133617833861703
20180217 08:00,1.1377899999999999,1.52567,2.2571,1.45211,0.0139123956891435
20180217 09:00,1.53566,2.20284,2.68315,2.68912,0.00442527876875113
20180217 10:00,2.70161,2.80432,3.6958699999999998,3.6618800000000005,0.006797572901384221
20180217 11:00,2.44477,2.80795,3.14133,3.79675,0.009366674738653321
20180217 12:00,2.08511,3.21008,2.62858,4.0049,0.0175404942507267
20180217 13:00,1.35606,3.3789999999999996,1.5986200000000002,4.17068,0.0247389817527203
20180217 14:00,0.558146,3.22453,0.409119,3.9636400000000003,0.0441260014232743
20180217 15:00,1.00653,2.67423,1.0307,3.46255,0.0716249204161836
20180217 16:00,0.9613079999999999,2.38702,1.4617,3.55535,0.10512334833508098
20180217 17:00,0.159352,3.13289,1.2163899999999999,4.54586,0.0888601654632239
20180217 18:00,0.7861020000000001,3.2481,2.01852,4.72814,0.137617752606948
20180217 19:00,0.648893,3.50452,1.98295,4.747269999999999,0.277043055522073
20180217 20:00,0.00552517,3.96806,1.11497,5.54093,0.308793176032086
20180217 21:00,0.498276,4.32408,1.5277100000000001,6.16461,0.255327565158059
20180217 22:00,0.718612,4.5408,1.66035,6.55031,0.21250189315637902
20180217 23:00,1.0018799999999999,4.844469999999999,1.97275,7.003610000000001,0.37432468595531104
20180218 00:00,0.7002,5.23545,1.6165200000000002,7.69347,0.560284100302559
20180218 01:00,0.47003,5.43867,1.50642,7.81875,0.582500001734043
20180218 02:00,0.674362,5.89354,1.7219799999999998,8.39643,0.5264129693135979
20180218 03:00,1.30544,5.9846900000000005,2.5425,8.44491,0.572273041652916
20180218 04:00,1.34467,6.641089999999999,2.51572,9.06659,0.6209568450169921
20180218 05:00,1.50196,6.736269999999999,2.71904,9.23829,0.684115689667569
20180218 06:00,1.6370799999999999,6.57517,2.87384,9.12251,0.606451444089197
20180218 07:00,2.15147,6.73337,3.57115,9.18564,0.540155494432128
20180218 08:00,2.3698,6.89106,3.78971,9.27937,0.5096632689949411
20180218 09:00,2.27415,7.001360000000001,3.61905,9.41827,0.497691819897839
20180218 10:00,2.0847599999999997,7.0900300000000005,3.1760200000000003,9.32782,0.463312373388325
20180218 11:00,2.10359,7.10942,3.13639,9.24472,0.46464219390429706
20180218 12:00,2.03038,6.9337100000000005,3.04599,9.04718,0.44448404466714203
20180218 13:00,2.08619,6.69756,3.0302599999999997,8.62962,0.377048072541553
20180218 14:00,2.09091,6.435230000000001,3.0026900000000003,8.163960000000001,0.38867299925972904
20180218 15:00,2.14253,5.95335,3.2134099999999997,7.6967,0.360365673622007
20180218 16:00,2.19398,5.56995,3.5067800000000005,7.451739999999999,0.36111141752752507
20180218 17:00,1.96995,5.4503699999999995,3.3035400000000004,7.43238,0.337844322659737
20180218 18:00,2.26953,4.73539,3.62741,6.51727,0.32664875645576397
20180218 19:00,1.8605599999999998,4.4850900000000005,3.2166,6.13354,0.193762062349413
20180218 20:00,1.77388,4.397469999999999,3.21437,5.96387,0.26789908442878
20180218 21:00,1.78152,4.21661,3.29345,5.81433,0.241404535065183
20180218 22:00,2.0373900000000003,4.0162,3.6173,5.46927,0.225209980468063
20180218 23:00,2.1598900000000003,4.02923,3.9993800000000004,5.3395,0.131707810598335
20180219 00:00,2.50421,3.9115,4.5038800000000005,5.2041900000000005,0.15935577314228197
20180219 01:00,1.52034,3.3071099999999998,3.2725400000000002,4.24951,0.16426144529272302
20180219 02:00,0.529913,3.01511,2.21717,4.11156,0.0572241559035754
20180219 03:00,0.7414689999999999,3.26967,2.4846,4.64184,0.160177444358207
20180219 04:00,1.49783,3.3403699999999996,3.2213700000000003,4.48588,0.175501814226938
20180219 05:00,1.65402,3.25457,3.33296,4.38049,0.136503795409336
20180219 06:00,1.4698799999999999,2.94685,3.14537,3.80352,0.085042415649131
20180219 07:00,1.3324,2.75814,2.95371,3.4920699999999996,0.0791220971655262
20180219 08:00,0.849872,2.79586,2.36525,3.4421,0.0794674012607687
20180219 09:00,0.45888,2.97677,1.4355,3.4786699999999997,0.106770607535345
20180219 10:00,0.9129520000000001,3.2779599999999998,1.8767200000000002,3.9966699999999995,0.105665278079828
20180219 11:00,1.23307,3.11544,1.9816799999999999,3.8441699999999996,0.0377725172193016
20180219 12:00,1.40701,2.99534,2.05614,3.7584199999999996,0.0385806623596699
20180219 13:00,1.48174,2.53598,2.0124400000000002,3.20185,0.0213498674564766
20180219 14:00,1.52017,1.7144,2.0158400000000003,2.2823599999999997,0.00752941434235355
20180219 15:00,0.5190170000000001,0.5740970000000001,0.9663870000000001,1.0339,0.0008640044245472769
20180219 16:00,-0.385409,0.275368,-0.0005216,0.436723,0.000340994709887595
20180219 17:00,-0.852564,0.585414,-0.338248,0.41571899999999995,0.0061098158871068
20180219 18:00,-1.5550899999999999,0.0658827,-1.41194,-0.00474072,0.008714508343894709
20180219 19:00,-1.7844,-0.299556,-2.1093,-0.451478,0.0152892269022212
20180219 20:00,-1.68639,-1.07943,-2.53334,-1.4350399999999999,0.0171417685094024
20180219 21:00,-2.56954,-1.9946099999999998,-3.67829,-2.21266,0.0916769480154789
20180219 22:00,-3.7668800000000005,-2.3334200000000003,-5.45535,-2.51741,0.0997037057844036
20180219 23:00,-4.0448,-1.3932200000000001,-6.10732,-1.62342,0.11534510831063499
20180220 00:00,-3.5405599999999997,-1.46497,-5.24104,-1.7367599999999999,0.130225842600396
20180220 01:00,-3.68059,-1.7351900000000002,-5.45483,-1.9117,0.17462701317206603
20180220 02:00,-3.4022900000000003,-1.48967,-4.98528,-1.38111,0.18727094542043202
20180220 03:00,-3.7110199999999995,-1.4709299999999998,-5.07837,-1.3786399999999999,0.0646715757438749
20180220 04:00,-4.03444,-0.726395,-5.0967400000000005,-0.487274,0.0394726953245386
20180220 05:00,-3.65573,0.27889,-4.4130400000000005,0.579966,0.042090730201002
20180220 06:00,-3.5179400000000003,1.00223,-4.19805,1.24957,0.0419372094674131
20180220 07:00,-3.4882699999999995,1.68554,-4.130330000000001,2.06621,0.0451583709958494
20180220 08:00,-3.5717,2.276,-4.0786,2.7137700000000002,0.0909642440892353
20180220 09:00,-3.46795,1.7896,-3.9443099999999998,2.00929,0.19821687510863897
20180220 10:00,-3.57177,1.97376,-4.17696,2.23425,0.19665758897969102
20180220 11:00,-3.4268699999999996,2.50413,-4.0827800000000005,2.91931,0.232030277280329
20180220 12:00,-3.2842800000000003,2.28088,-4.01746,2.72483,0.18566093865970199
20180220 13:00,-3.4060300000000003,2.15705,-4.190840000000001,2.55552,0.18850827077441
20180220 14:00,-3.4969900000000003,2.0878099999999997,-4.32425,2.44698,0.0699171340766396
20180220 15:00,-2.537,1.4122,-3.3271599999999997,1.74882,0.0903961562161556
20180220 16:00,-2.0627400000000002,0.472196,-3.32001,1.00584,0.0308583032191595
20180220 17:00,-2.23578,-0.110866,-3.75336,0.678682,0.0391153121911244
20180220 18:00,-2.50238,-0.299361,-4.43117,0.5258229999999999,0.0678670039920743
20180220 19:00,-2.75189,-0.313344,-4.62628,0.620542,0.125211276305483
20180220 20:00,-2.66267,-0.21687199999999998,-4.19051,0.718804,0.0953197942341584
20180220 21:00,-2.766,-0.20239300000000002,-3.8738300000000003,0.718058,0.0527442817046607
20180220 22:00,-2.72211,0.642654,-3.7850099999999998,1.7592700000000001,0.0694878226869862
20180220 23:00,-2.4506900000000003,1.06577,-3.2309900000000003,2.51475,0.06932850459701201
20180221 00:00,-2.14954,1.0645799999999999,-2.7377700000000003,2.59844,0.045651842973942
20180221 01:00,-2.54814,0.662967,-3.79406,1.8388099999999998,0.0425125236888167
20180221 02:00,-2.3066299999999997,0.9492659999999999,-3.17117,2.25181,0.0468974191461018
20180221 03:00,-1.97173,1.06223,-2.3784799999999997,2.49327,0.0486441265198849
20180221 04:00,-1.45715,0.635717,-1.05415,1.8257900000000002,0.00258572696531253
20180221 05:00,-1.4358,0.7311979999999999,-0.6518149999999999,1.65504,0.00569049746535954
20180221 06:00,-0.8921879999999999,1.15121,0.10475799999999999,1.8019999999999998,0.00648403954955711
20180221 07:00,-0.653207,1.61174,0.328369,2.02062,0.00257661538698764
20180221 08:00,-0.358469,1.6234600000000001,0.354369,2.04185,0.0008073246491817709
20180221 09:00,0.271977,1.52491,0.563467,1.7273,0.0021078415945187602
20180221 10:00,0.73548,1.60523,0.8415469999999999,1.7264700000000002,0.00419876233648403
20180221 11:00,1.31257,1.3259100000000001,1.39047,1.42595,0.0393787481091412
20180221 12:00,1.8517700000000001,1.01061,1.98353,1.10758,0.073623679763666
20180221 13:00,2.05088,0.710508,2.23984,0.75985,0.10974299656072199
20180221 14:00,1.7430900000000003,0.603403,1.9069900000000002,0.6187739999999999,0.122807045597755
20180221 15:00,1.4830299999999998,0.83457,1.6767900000000002,0.873341,0.11933047968543699
20180221 16:00,1.42395,1.07786,1.7882,1.141,0.143289683379081
20180221 17:00,1.9401700000000002,1.2482600000000001,2.1434900000000003,1.19527,0.180253621513291
20180221 18:00,2.42469,1.15226,2.71835,1.0579100000000001,0.186369183860125
20180221 19:00,2.40522,1.31102,2.87459,1.29155,0.24852103656768804
20180221 20:00,2.43103,1.48926,2.86689,1.41541,0.293750803116544
20180221 21:00,2.63882,1.7745099999999998,3.17958,1.8297,0.216394065416151
20180221 22:00,3.16106,1.31079,4.0374300000000005,1.39573,0.18642387812806197
20180221 23:00,3.71262,0.7127439999999999,4.95714,0.72914,0.172651334709935
20180222 00:00,3.92625,0.48829300000000003,5.24797,0.37557199999999996,0.14527074965323403
20180222 01:00,4.05593,-1.38439,5.9667900000000005,-2.2451,0.0804452332118587
20180222 02:00,3.35411,-1.8943400000000001,4.90223,-2.92835,0.0361268137475018
20180222 03:00,2.72368,-2.6032599999999997,3.89627,-3.7852300000000003,0.0061863533817799205
20180222 04:00,1.28548,-2.62417,2.17457,-3.8816599999999997,0.0177982278295428
20180222 05:00,-0.08002949999999999,-2.14473,0.370207,-3.4300800000000002,0.0263628037576669
20180222 06:00,-1.26471,-0.9691860000000001,-1.13,-2.18614,0.0733015006058404
20180222 07:00,-1.6590599999999998,0.254276,-1.9937799999999999,-0.43968500000000005,0.0975822545598894
20180222 08:00,-1.9072200000000001,0.45406899999999994,-2.52739,0.766067,0.0402096494100625
20180222 09:00,-1.9471900000000002,-0.0266562,-2.67921,0.499796,0.136919607757452
20180222 10:00,-2.67767,-0.336071,-3.19588,-0.132827,0.11273017955109499
20180222 11:00,-2.4487200000000002,-0.111749,-3.12019,-0.048068,0.077804900802293
20180222 12:00,-2.20398,0.069849,-2.72322,0.0838709,0.0768383228766607
20180222 13:00,-2.12194,0.552767,-2.79813,0.592691,0.0733525473075674
20180222 14:00,-1.92851,0.894753,-2.8084,1.01,0.0904439123944472
20180222 15:00,-2.08823,0.811868,-3.07933,1.01908,0.15297270290717702
20180222 16:00,-2.3152,0.569485,-3.51346,0.9949819999999999,0.16640206628738097
20180222 17:00,-2.83596,1.64658,-4.17551,2.7627200000000003,0.0509432388146411
20180222 18:00,-2.7690900000000003,2.14452,-4.21077,3.45842,0.0316605196153696
20180222 19:00,-3.3665300000000005,2.08665,-4.8703,3.6918800000000003,0.0949458103799353
20180222 20:00,-3.5328199999999996,2.15275,-4.897419999999999,3.75775,0.0860110288528175
20180222 21:00,-3.68054,1.5663,-5.16138,3.0321700000000003,0.107076539349742
20180222 22:00,-3.7497800000000003,1.7649700000000001,-5.19987,3.22824,0.16615096324001402
20180222 23:00,-3.5427699999999995,2.04202,-4.79864,3.6181699999999997,0.121061625805682
20180223 00:00,-3.3871599999999997,2.25375,-4.54446,3.96904,0.0842763691041933
20180223 01:00,-3.4960400000000003,1.5120799999999999,-4.68216,2.68644,0.10929656733101402
20180223 02:00,-3.19461,1.0815700000000001,-4.1708,2.26852,0.116175648611774
20180223 03:00,-3.11875,0.9272819999999999,-4.00031,2.20377,0.0903590414604424
20180223 04:00,-3.00873,1.047,-3.82996,2.42892,0.11536916981827099
20180223 05:00,-2.74522,0.82263,-3.41733,2.16803,0.10658641412250301
20180223 06:00,-2.6371,0.9765799999999999,-3.19991,2.25543,0.0546360765325346
20180223 07:00,-2.49065,1.49616,-2.94408,2.7732099999999997,0.0580523574203918
20180223 08:00,-2.2428,2.01752,-2.53171,3.0884099999999997,0.0
20180223 09:00,-2.01839,2.36545,-2.2305599999999997,2.85509,0.0674139615863187
20180223 10:00,-1.8801,2.62775,-2.10075,2.9997700000000003,0.0471049955953251
20180223 11:00,-1.3771200000000001,2.74376,-1.60398,3.03123,0.0523879843821969
20180223 12:00,-0.785037,2.55028,-1.00994,2.76015,0.0888565264486811
20180223 13:00,-0.49545200000000006,2.08017,-0.716155,2.23489,0.0451264092612219
20180223 14:00,-0.229346,1.5875,-0.484788,1.6657400000000002,0.0427185092661608
20180223 15:00,0.378848,0.823477,0.180883,0.832926,0.0381466509740424
20180223 16:00,0.797657,-1.13963,0.42556000000000005,-1.2588700000000002,0.0187241354371236
20180223 17:00,0.0165672,-3.12855,-0.434856,-3.6152300000000004,0.00989601881564673
20180223 18:00,-1.72901,-3.08307,-3.3383,-3.43555,0.0226583321481093
20180223 19:00,-3.40611,-0.8492940000000001,-5.3977900000000005,-0.11127999999999999,0.0753198035152932
20180223 20:00,-3.0487900000000003,0.9170379999999999,-4.59061,2.27523,0.104029169542545
20180223 21:00,-2.8172200000000003,1.0713,-4.42381,2.34706,0.0690256988500712
20180223 22:00,-2.90234,0.74628,-4.48798,1.98975,0.0794693848950804
20180223 23:00,-2.94381,0.9537100000000001,-4.2857,2.25945,0.125976878510099
20180224 00:00,-2.9542200000000003,0.976497,-4.13705,2.28416,0.167016138406679
20180224 01:00,-3.7374699999999996,0.7771560000000001,-5.1227599999999995,1.6724700000000001,0.128589468498406
20180224 02:00,-3.99241,-0.285072,-5.49015,0.029320699999999998,0.163347816921432
20180224 03:00,-4.33639,-0.410231,-5.86857,-0.213684,0.114310504147928
20180224 04:00,-4.61642,-0.147563,-6.0974699999999995,0.11362799999999999,0.0782963192991523
20180224 05:00,-5.04676,0.556715,-6.350280000000001,0.9767809999999999,0.0948542493536826
20180224 06:00,-6.03717,1.75983,-7.6491,2.28119,0.267070956510409
20180224 07:00,-6.1014,2.2401400000000002,-7.700360000000001,2.8483400000000003,0.212482858066868
20180224 08:00,-6.0098199999999995,2.02867,-7.576569999999999,2.61951,0.35047429273429404
20180224 09:00,-6.53846,1.99394,-8.00862,2.4275,0.26686766374100396
20180224 10:00,-6.3452,1.6785599999999998,-7.703689999999999,2.0138,0.233097100207394
20180224 11:00,-5.92747,1.53695,-7.173310000000001,1.82613,0.311678607257962
20180224 12:00,-5.55832,1.3005,-6.67692,1.54158,0.431038674058377
20180224 13:00,-5.6546400000000006,1.12669,-6.8211699999999995,1.3061399999999999,0.40429149939629494
20180224 14:00,-5.56429,0.8053020000000001,-6.68698,0.951793,0.42994685879398703
20180224 15:00,-5.87035,0.334806,-7.11982,0.44050900000000004,0.317241446592487
20180224 16:00,-5.888240000000001,-0.31095,-7.449089999999999,-0.28430700000000003,0.34509100543591403
20180224 17:00,-5.98763,-0.584571,-7.87268,-0.5687810000000001,0.21734167545751798
20180224 18:00,-5.85376,-0.54188,-7.93363,-0.507895,0.12473703142383401
20180224 19:00,-5.29444,-0.7813399999999999,-7.29749,-0.7772640000000001,0.114372436338665
20180224 20:00,-4.86267,-0.8906370000000001,-6.7446399999999995,-0.835791,0.143406519878676
20180224 21:00,-4.60533,-0.6674829999999999,-6.31656,-0.436709,0.29587604852526395
20180224 22:00,-4.2743,-0.6961579999999999,-5.819459999999999,-0.24889699999999998,0.17455754076093902
20180224 23:00,-4.21897,-0.569914,-5.76931,-0.08747769999999999,0.18011348598251603
20180225 00:00,-4.2227,-0.36980599999999997,-5.76419,0.10783,0.166894126257417
20180225 01:00,-3.9325300000000003,-0.232702,-5.21194,0.19205999999999998,0.170405947599977
20180225 02:00,-3.83745,-0.524461,-5.09321,-0.275729,0.17306883924742003
20180225 03:00,-3.6631,-0.362865,-4.8592699999999995,-0.16442400000000001,0.124251863162576
20180225 04:00,-3.7226199999999996,-0.8474860000000001,-4.90457,-0.8909100000000001,0.152759019958591
20180225 05:00,-3.69276,-1.08722,-4.83683,-1.35658,0.127923137000921
20180225 06:00,-3.5037800000000003,-1.17083,-4.540769999999999,-1.51158,0.0792064247161597
20180225 07:00,-3.2148,-1.43836,-4.0972,-1.7940099999999999,0.0773331307768551
20180225 08:00,-3.55556,-2.19543,-4.354369999999999,-2.6546,0.10485898234036001
20180225 09:00,-3.48475,-2.27507,-4.162380000000001,-2.5865,0.323266589660981
20180225 10:00,-3.91815,-2.84234,-4.7096599999999995,-3.24675,0.205871171685466
20180225 11:00,-4.16965,-2.8769299999999998,-5.05567,-3.2648599999999997,0.197945763080358
20180225 12:00,-4.95303,-3.4119699999999997,-5.96542,-3.95791,0.361977836326261
20180225 13:00,-4.90451,-3.3698,-5.94286,-3.9507199999999996,0.43144637647204204
20180225 14:00,-5.87293,-3.5464,-7.1070199999999994,-4.1909,0.595774151662583
20180225 15:00,-5.68205,-3.69,-6.894660000000001,-4.44571,0.49056691277137304
20180225 16:00,-5.659590000000001,-4.17627,-7.054889999999999,-5.1497,0.35897688859177
20180225 17:00,-6.0301599999999995,-4.46849,-7.75224,-5.69573,0.14996481912892598
20180225 18:00,-6.46333,-3.98014,-8.3443,-5.08819,0.252145859895018
20180225 19:00,-6.350140000000001,-3.8192699999999995,-8.18976,-4.75641,0.231058979547603
20180225 20:00,-6.3114099999999995,-3.46889,-8.06334,-4.22622,0.138935862444441
20180225 21:00,-5.90146,-3.7964800000000003,-7.5975,-4.7263,0.132773091594691
20180225 22:00,-5.24477,-4.49976,-6.7789600000000005,-5.63974,0.203745442635839
20180225 23:00,-4.83868,-5.07029,-6.302230000000001,-6.343459999999999,0.21656894047271802
20180226 00:00,-5.45747,-5.1387,-7.011080000000001,-6.44992,0.18050963855664603
20180226 01:00,-5.91846,-5.4919400000000005,-7.713419999999999,-7.0082,0.17475708867005899
20180226 02:00,-6.02842,-5.44753,-7.8279,-6.88232,0.18263291772056603
20180226 03:00,-5.71255,-5.30776,-7.4352,-6.711069999999999,0.12120727012544999
20180226 04:00,-5.49908,-4.87436,-7.182519999999999,-6.252999999999999,0.12349087084403301
20180226 05:00,-5.04344,-5.01363,-6.6059,-6.50575,0.16820734515246
20180226 06:00,-4.69961,-5.53766,-6.09403,-7.17329,0.188418286817333
20180226 07:00,-4.81406,-5.998069999999999,-6.24525,-7.68946,0.23854013085370002
20180226 08:00,-4.5567,-5.74946,-5.82417,-7.218439999999999,0.280006016258054
20180226 09:00,-4.4001,-5.76331,-5.474819999999999,-6.91418,0.267415914457449
20180226 10:00,-4.3016,-5.55962,-5.30687,-6.57724,0.330148679368879
20180226 11:00,-4.46761,-5.436030000000001,-5.52838,-6.33237,0.30888712621194897
20180226 12:00,-4.5671800000000005,-5.24343,-5.57306,-6.10879,0.40543876578700105
20180226 13:00,-3.97298,-6.03254,-4.90041,-6.93203,0.294461758122208
20180226 14:00,-4.116709999999999,-5.63436,-5.04459,-6.57685,0.16650148952278698
20180226 15:00,-4.87526,-4.805630000000001,-5.96056,-5.707380000000001,0.265259560304288
20180226 16:00,-5.38662,-4.64128,-6.73245,-5.7298599999999995,0.0
20180226 17:00,-5.40829,-3.89511,-6.96762,-5.09291,0.0831367424226138
20180226 18:00,-4.85576,-3.9644800000000004,-6.42146,-5.29455,0.12149212201303
20180226 19:00,-5.0572099999999995,-4.3894,-6.6238399999999995,-5.77803,0.16743633888120998
20180226 20:00,-4.94537,-4.74256,-6.46253,-6.18464,0.23620567511729698
20180226 21:00,-4.58975,-4.85911,-6.01526,-6.30235,0.229344553613934
20180226 22:00,-4.72774,-4.72427,-6.22297,-6.14043,0.19897956207307502
20180226 23:00,-4.93625,-4.5583599999999995,-6.55415,-5.8792800000000005,0.211799940025295
20180227 00:00,-5.27819,-4.29611,-7.013139999999999,-5.52099,0.194932583740095
20180227 01:00,-6.0835,-4.15972,-7.94188,-5.34034,0.20204323114276604
20180227 02:00,-6.354509999999999,-4.114809999999999,-8.14268,-5.265280000000001,0.13824276567698598
20180227 03:00,-6.36696,-4.4523,-8.141539999999999,-5.666869999999999,0.16929289641697598
20180227 04:00,-5.87689,-4.84042,-7.511189999999999,-6.23449,0.196330021359404
20180227 05:00,-5.77867,-5.64583,-7.3303899999999995,-7.216,0.23125621281087197
20180227 06:00,-5.73269,-5.90115,-7.412710000000001,-7.55456,0.23063292420317602
20180227 07:00,-5.9734,-6.165080000000001,-7.679810000000001,-7.860689999999999,0.319652122121739
20180227 08:00,-6.13232,-6.52294,-7.8152,-8.16789,0.454185244420844
20180227 09:00,-8.37722,-6.24589,-10.4148,-7.70282,0.589828215299332
20180227 10:00,-8.83543,-5.82469,-11.045,-7.193239999999999,0.431820361630903
20180227 11:00,-8.406260000000001,-5.8623,-10.4993,-7.24395,0.774712959417188
20180227 12:00,-7.87851,-5.67178,-9.78267,-6.8719,0.727892562789317
20180227 13:00,-8.06193,-4.9306,-10.0037,-6.00586,0.6393526621191711
20180227 14:00,-8.62803,-4.3115,-10.718,-5.30615,0.643003143557308
20180227 15:00,-9.13493,-4.1523699999999995,-11.4382,-5.14776,0.845276590552543
20180227 16:00,-9.92892,-4.41833,-12.7487,-5.49935,0.804764146087163
20180227 17:00,-9.82104,-4.911580000000001,-12.9277,-6.14059,0.808761346723383
20180227 18:00,-10.3317,-4.41673,-13.5688,-5.55523,0.8284166436103689
20180227 19:00,-10.1558,-4.31005,-13.4396,-5.39173,0.782647022985637
20180227 20:00,-9.6775,-3.4412300000000005,-12.7395,-4.18291,0.813932670356563
20180227 21:00,-9.52745,-2.62249,-12.5421,-3.13246,0.812576946618468
20180227 22:00,-9.88604,-2.38896,-12.9402,-2.90807,0.8237616267429809
20180227 23:00,-9.78599,-2.5508900000000003,-12.8354,-3.13206,0.71572052656849
20180228 00:00,-9.318719999999999,-3.01503,-12.1785,-3.7022,0.6680813735191761
20180228 01:00,-9.661769999999999,-4.70009,-12.5543,-5.88857,0.6103822491104399
20180228 02:00,-9.2282,-4.73771,-12.057,-5.8843,0.6484716306106949
20180228 03:00,-9.02453,-4.58298,-11.7143,-5.68856,0.627074279791368
20180228 04:00,-8.83341,-4.53862,-11.5337,-5.692130000000001,0.691779683562396
20180228 05:00,-8.79444,-4.38949,-11.4287,-5.49603,0.717253200672871
20180228 06:00,-8.433489999999999,-4.65725,-10.966,-5.84368,0.6749710444911801
20180228 07:00,-8.1123,-4.69905,-10.5464,-5.876930000000001,0.6749430585167061
20180228 08:00,-7.97382,-4.63023,-10.3092,-5.66029,0.687156773559221
20180228 09:00,-8.04782,-3.6501099999999997,-10.0839,-4.23808,0.667963480507406
20180228 10:00,-9.43515,-2.94382,-11.6767,-3.5024800000000003,0.625024859729068
20180228 11:00,-8.714310000000001,-2.25704,-10.7932,-2.68476,0.7121097857800609
20180228 12:00,-9.3998,-2.1171,-11.7056,-2.4790799999999997,0.7314180852210981
20180228 13:00,-10.5965,-1.36513,-13.300999999999998,-1.48885,0.7741555086866211
20180228 14:00,-10.7454,-1.15625,-13.5679,-1.28559,0.7817523056902741
20180228 15:00,-10.6445,-1.37151,-13.5639,-1.52591,0.7914114414817891
20180228 16:00,-10.8891,-1.4142299999999999,-14.0197,-1.57152,0.7947062400025071
20180228 17:00,-9.02105,-2.31086,-11.7271,-2.71211,0.784537082047649
20180228 18:00,-9.96305,-2.19453,-13.027000000000001,-2.49265,0.76503596132526
20180228 19:00,-9.08527,-1.7161,-11.9879,-1.9370900000000002,0.7452814935513822
20180228 20:00,-9.77183,-0.99013,-12.9345,-1.09401,0.666376625200934
20180228 21:00,-9.93655,-1.4613399999999999,-13.1529,-1.6413200000000001,0.665493774310049
20180228 22:00,-9.64931,-1.6602400000000002,-12.7858,-1.87863,0.740841663627685
20180228 23:00,-9.38556,-1.69723,-12.4155,-1.95747,0.699802817380656
20180301 00:00,-9.100489999999999,-1.74532,-12.0344,-2.01796,0.710394826492786
